-- MySQL dump 10.13  Distrib 5.7.24, for osx11.1 (x86_64)
--
-- Host: localhost    Database: instafoods
-- ------------------------------------------------------
-- Server version	8.0.43

/*!40101 SET @OLD_CHARACTER_SET_CLIENT=@@CHARACTER_SET_CLIENT */;
/*!40101 SET @OLD_CHARACTER_SET_RESULTS=@@CHARACTER_SET_RESULTS */;
/*!40101 SET @OLD_COLLATION_CONNECTION=@@COLLATION_CONNECTION */;
/*!40101 SET NAMES utf8 */;
/*!40103 SET @OLD_TIME_ZONE=@@TIME_ZONE */;
/*!40103 SET TIME_ZONE='+00:00' */;
/*!40014 SET @OLD_UNIQUE_CHECKS=@@UNIQUE_CHECKS, UNIQUE_CHECKS=0 */;
/*!40014 SET @OLD_FOREIGN_KEY_CHECKS=@@FOREIGN_KEY_CHECKS, FOREIGN_KEY_CHECKS=0 */;
/*!40101 SET @OLD_SQL_MODE=@@SQL_MODE, SQL_MODE='NO_AUTO_VALUE_ON_ZERO' */;
/*!40111 SET @OLD_SQL_NOTES=@@SQL_NOTES, SQL_NOTES=0 */;

--
-- Table structure for table `menu`
--

DROP TABLE IF EXISTS `menu`;
/*!40101 SET @saved_cs_client     = @@character_set_client */;
/*!40101 SET character_set_client = utf8 */;
CREATE TABLE `menu` (
  `menu_id` int NOT NULL AUTO_INCREMENT,
  `restaurant_id` int NOT NULL,
  `item_name` varchar(100) NOT NULL,
  `description` text,
  `price` decimal(10,2) NOT NULL,
  `is_available` tinyint(1) NOT NULL,
  `image_path` varchar(500) DEFAULT NULL,
  PRIMARY KEY (`menu_id`),
  KEY `fk_menu_restaurant_idx` (`restaurant_id`),
  CONSTRAINT `fk_menu_restaurant` FOREIGN KEY (`restaurant_id`) REFERENCES `restaurant` (`restaurant_id`)
) ENGINE=InnoDB AUTO_INCREMENT=27 DEFAULT CHARSET=utf8mb4 COLLATE=utf8mb4_0900_ai_ci;
/*!40101 SET character_set_client = @saved_cs_client */;

--
-- Dumping data for table `menu`
--

LOCK TABLES `menu` WRITE;
/*!40000 ALTER TABLE `menu` DISABLE KEYS */;
INSERT INTO `menu` VALUES (2,3,'Chicken Biryani','Authentic Hyderabadi Chicken Biryani',299.00,1,'https://images.unsplash.com/photo-1563379091339-03b21ab4a4f8?q=80&w=600&auto=format&fit=crop'),(3,3,'Mutton Biryani','Spicy Mutton Dum Biryani',349.00,1,'https://images.unsplash.com/photo-1626777552726-4a6b54c97e46?q=80&w=600&auto=format&fit=crop'),(4,3,'Veg Biryani','Delicious Vegetable Dum Biryani',229.00,1,'https://images.unsplash.com/photo-1541832676-9b763b0239ab?q=80&w=600&auto=format&fit=crop'),(5,3,'Paneer Butter Masala','Paneer cooked in creamy tomato gravy',249.00,1,'https://images.unsplash.com/photo-1631452180519-c014fe946bc7?q=80&w=600&auto=format&fit=crop'),(6,3,'Chicken Kebab','Juicy grilled chicken kebab',279.00,1,'https://images.unsplash.com/photo-1603360946369-dc9bb6258143?q=80&w=600&auto=format&fit=crop'),(7,4,'Butter Chicken','Rich and creamy butter chicken',320.00,1,'https://images.unsplash.com/photo-1603894584373-5ac82b2ae398?q=80&w=600&auto=format&fit=crop'),(8,4,'Chicken Tikka','Charcoal grilled chicken tikka',299.00,1,'https://images.unsplash.com/photo-1599487488170-d11ec9c172f0?q=80&w=600&auto=format&fit=crop'),(9,4,'Paneer Tikka','Grilled cottage cheese cubes',269.00,1,'https://images.unsplash.com/photo-1567188040759-fb8a883dc6d8?q=80&w=600&auto=format&fit=crop'),(10,4,'Butter Naan','Soft butter naan',45.00,1,'https://images.unsplash.com/photo-1585938338392-50a59970d8ee?q=80&w=600&auto=format&fit=crop'),(11,4,'Jeera Rice','Basmati rice with cumin',180.00,1,'https://images.unsplash.com/photo-1596797038530-2c107229654b?q=80&w=600&auto=format&fit=crop'),(12,5,'Zinger Burger','Signature crispy chicken burger',199.00,1,'https://images.unsplash.com/photo-1568901346375-23c9450c58cd?q=80&w=600&auto=format&fit=crop'),(13,5,'Hot Wings','Spicy chicken wings',249.00,1,'https://images.unsplash.com/photo-1567620832903-9fc6debc209f?q=80&w=600&auto=format&fit=crop'),(14,5,'Chicken Popcorn','Crunchy popcorn chicken',179.00,1,'https://images.unsplash.com/photo-1626082927389-6cd097cdc6ec?q=80&w=600&auto=format&fit=crop'),(15,5,'French Fries','Crispy salted fries',119.00,1,'https://images.unsplash.com/photo-1573080496219-bb080dd4f877?q=80&w=600&auto=format&fit=crop'),(16,5,'Pepsi','500ml soft drink',60.00,1,'https://images.unsplash.com/photo-1629203851122-3726ecdf080e?q=80&w=600&auto=format&fit=crop'),(17,6,'Margherita Pizza','Classic cheese pizza',249.00,1,'https://images.unsplash.com/photo-1574071318508-1cdbab80d002?q=80&w=600&auto=format&fit=crop'),(18,6,'Farmhouse Pizza','Loaded vegetable pizza',399.00,1,'https://images.unsplash.com/photo-1513104890138-7c749659a591?q=80&w=600&auto=format&fit=crop'),(19,6,'Pepper Barbecue Chicken','Chicken barbecue pizza',499.00,1,'https://images.unsplash.com/photo-1565299624946-b28f40a0ae38?q=80&w=600&auto=format&fit=crop'),(20,6,'Garlic Bread','Cheesy garlic bread',149.00,1,'https://images.unsplash.com/photo-1619535860434-ba1d8fa12536?q=80&w=600&auto=format&fit=crop'),(21,6,'Choco Lava Cake','Warm chocolate lava cake',119.00,1,'https://images.unsplash.com/photo-1606313564200-e75d5e30476c?q=80&w=600&auto=format&fit=crop'),(22,7,'Masala Dosa','Traditional crispy masala dosa',120.00,1,'https://images.unsplash.com/photo-1668236543090-82eba5ee5976?q=80&w=600&auto=format&fit=crop'),(23,7,'Idli Vada','Soft idli served with crispy vada',90.00,1,'https://images.unsplash.com/photo-1668236543090-82eba5ee5976?q=80&w=600&auto=format&fit=crop'),(24,7,'Poori Sagu','Poori with vegetable sagu',110.00,1,'https://images.unsplash.com/photo-1626132647523-66f5bf380027?q=80&w=600&auto=format&fit=crop'),(25,7,'Rava Idli','Soft steamed rava idli',95.00,1,'https://images.unsplash.com/photo-1589301760014-d929f3979dbc?q=80&w=600&auto=format&fit=crop'),(26,7,'Filter Coffee','Authentic South Indian filter coffee',45.00,1,'https://images.unsplash.com/photo-1514432324607-a09d9b4aefdd?q=80&w=600&auto=format&fit=crop');
/*!40000 ALTER TABLE `menu` ENABLE KEYS */;
UNLOCK TABLES;

--
-- Table structure for table `order_history`
--

DROP TABLE IF EXISTS `order_history`;
/*!40101 SET @saved_cs_client     = @@character_set_client */;
/*!40101 SET character_set_client = utf8 */;
CREATE TABLE `order_history` (
  `history_id` int NOT NULL AUTO_INCREMENT,
  `order_id` int NOT NULL,
  `user_id` int NOT NULL,
  `restaurant_id` int NOT NULL,
  `restaurant_name` varchar(255) NOT NULL,
  `status` varchar(50) NOT NULL,
  `date_placed` timestamp NOT NULL DEFAULT CURRENT_TIMESTAMP,
  `date_dispatched` timestamp NULL DEFAULT NULL,
  `delivery_fee` double NOT NULL DEFAULT '0',
  `total_amount` double NOT NULL,
  PRIMARY KEY (`history_id`),
  KEY `order_id` (`order_id`),
  CONSTRAINT `order_history_ibfk_1` FOREIGN KEY (`order_id`) REFERENCES `order_table` (`order_id`) ON DELETE CASCADE
) ENGINE=InnoDB AUTO_INCREMENT=4 DEFAULT CHARSET=utf8mb4 COLLATE=utf8mb4_0900_ai_ci;
/*!40101 SET character_set_client = @saved_cs_client */;

--
-- Dumping data for table `order_history`
--

LOCK TABLES `order_history` WRITE;
/*!40000 ALTER TABLE `order_history` DISABLE KEYS */;
INSERT INTO `order_history` VALUES (1,1,3,3,'Meghana Foods','Delivered','2026-06-28 13:29:04',NULL,0,333.95),(2,2,3,4,'Empire Restaurant','Delivered','2026-06-28 13:29:04',NULL,0,1028),(3,3,3,3,'Meghana Foods','Placed','2026-06-28 13:29:04',NULL,0,333.95);
/*!40000 ALTER TABLE `order_history` ENABLE KEYS */;
UNLOCK TABLES;

--
-- Table structure for table `order_item`
--

DROP TABLE IF EXISTS `order_item`;
/*!40101 SET @saved_cs_client     = @@character_set_client */;
/*!40101 SET character_set_client = utf8 */;
CREATE TABLE `order_item` (
  `order_item_id` int NOT NULL AUTO_INCREMENT,
  `order_id` int NOT NULL,
  `menu_id` int NOT NULL,
  `quantity` int NOT NULL,
  `subtotal` decimal(10,2) NOT NULL,
  PRIMARY KEY (`order_item_id`),
  KEY `order_id` (`order_id`),
  KEY `menu_id` (`menu_id`),
  CONSTRAINT `order_item_ibfk_1` FOREIGN KEY (`order_id`) REFERENCES `order_table` (`order_id`),
  CONSTRAINT `order_item_ibfk_2` FOREIGN KEY (`menu_id`) REFERENCES `menu` (`menu_id`)
) ENGINE=InnoDB AUTO_INCREMENT=4 DEFAULT CHARSET=utf8mb4 COLLATE=utf8mb4_0900_ai_ci;
/*!40101 SET character_set_client = @saved_cs_client */;

--
-- Dumping data for table `order_item`
--

LOCK TABLES `order_item` WRITE;
/*!40000 ALTER TABLE `order_item` DISABLE KEYS */;
INSERT INTO `order_item` VALUES (1,1,2,1,299.00),(2,2,7,3,960.00),(3,3,2,1,299.00);
/*!40000 ALTER TABLE `order_item` ENABLE KEYS */;
UNLOCK TABLES;

--
-- Table structure for table `order_table`
--

DROP TABLE IF EXISTS `order_table`;
/*!40101 SET @saved_cs_client     = @@character_set_client */;
/*!40101 SET character_set_client = utf8 */;
CREATE TABLE `order_table` (
  `order_id` int NOT NULL AUTO_INCREMENT,
  `user_id` int NOT NULL,
  `restaurant_id` int NOT NULL,
  `order_date` timestamp NULL DEFAULT CURRENT_TIMESTAMP,
  `total_amount` decimal(10,2) NOT NULL,
  `status` varchar(30) NOT NULL,
  `payment_mode` varchar(30) NOT NULL,
  PRIMARY KEY (`order_id`),
  KEY `user_id_idx` (`user_id`),
  KEY `restaurant_id_idx` (`restaurant_id`),
  CONSTRAINT `fk_order_restaurant` FOREIGN KEY (`restaurant_id`) REFERENCES `restaurant` (`restaurant_id`),
  CONSTRAINT `fk_order_user` FOREIGN KEY (`user_id`) REFERENCES `user` (`user_id`)
) ENGINE=InnoDB AUTO_INCREMENT=4 DEFAULT CHARSET=utf8mb4 COLLATE=utf8mb4_0900_ai_ci;
/*!40101 SET character_set_client = @saved_cs_client */;

--
-- Dumping data for table `order_table`
--

LOCK TABLES `order_table` WRITE;
/*!40000 ALTER TABLE `order_table` DISABLE KEYS */;
INSERT INTO `order_table` VALUES (1,3,3,'2026-06-28 07:01:01',333.95,'Delivered','COD'),(2,3,4,'2026-06-28 13:12:01',1028.00,'Delivered','UPI'),(3,3,3,'2026-06-28 13:13:01',333.95,'Placed','COD');
/*!40000 ALTER TABLE `order_table` ENABLE KEYS */;
UNLOCK TABLES;

--
-- Table structure for table `restaurant`
--

DROP TABLE IF EXISTS `restaurant`;
/*!40101 SET @saved_cs_client     = @@character_set_client */;
/*!40101 SET character_set_client = utf8 */;
CREATE TABLE `restaurant` (
  `restaurant_id` int NOT NULL AUTO_INCREMENT,
  `name` varchar(45) NOT NULL,
  `cuisine_type` varchar(45) DEFAULT NULL,
  `delivery_time` int DEFAULT NULL,
  `address` text,
  `rating` decimal(2,1) DEFAULT NULL,
  `is_active` tinyint(1) DEFAULT NULL,
  `image_path` varchar(500) DEFAULT NULL,
  PRIMARY KEY (`restaurant_id`)
) ENGINE=InnoDB AUTO_INCREMENT=8 DEFAULT CHARSET=utf8mb4 COLLATE=utf8mb4_0900_ai_ci;
/*!40101 SET character_set_client = @saved_cs_client */;

--
-- Dumping data for table `restaurant`
--

LOCK TABLES `restaurant` WRITE;
/*!40000 ALTER TABLE `restaurant` DISABLE KEYS */;
INSERT INTO `restaurant` VALUES (3,'Meghana Foods','South Indian',30,'BTM Layout, Bangalore',4.5,1,'https://images.unsplash.com/photo-1563379091339-03b21ab4a4f8?q=80&w=600&auto=format&fit=crop'),(4,'Empire Restaurant','North Indian',40,'Whitefield, Bangalore',4.3,1,'https://images.unsplash.com/photo-1633945274405-b6c8069047b0?q=80&w=600&auto=format&fit=crop'),(5,'KFC','Fast Food',25,'Marathahalli, Bangalore',4.1,1,'https://images.unsplash.com/photo-1569058242253-92a9c755a0ec?q=80&w=600&auto=format&fit=crop'),(6,'Dominos','Pizza',35,'Electronic City, Bangalore',4.2,1,'https://images.unsplash.com/photo-1513104890138-7c749659a591?q=80&w=600&auto=format&fit=crop'),(7,'Udupi Grand','Vegetarian',20,'Jayanagar, Bangalore',4.6,1,'https://images.unsplash.com/photo-1668236543090-82eba5ee5976?q=80&w=600&auto=format&fit=crop');
/*!40000 ALTER TABLE `restaurant` ENABLE KEYS */;
UNLOCK TABLES;

--
-- Table structure for table `user`
--

DROP TABLE IF EXISTS `user`;
/*!40101 SET @saved_cs_client     = @@character_set_client */;
/*!40101 SET character_set_client = utf8 */;
CREATE TABLE `user` (
  `user_id` int NOT NULL AUTO_INCREMENT,
  `username` varchar(45) DEFAULT NULL,
  `password` varchar(45) DEFAULT NULL,
  `email` varchar(45) DEFAULT NULL,
  `role` varchar(45) DEFAULT NULL,
  `address` varchar(45) DEFAULT NULL,
  `logout` timestamp NULL DEFAULT NULL,
  `create` timestamp NULL DEFAULT NULL,
  PRIMARY KEY (`user_id`)
) ENGINE=InnoDB AUTO_INCREMENT=4 DEFAULT CHARSET=utf8mb4 COLLATE=utf8mb4_0900_ai_ci;
/*!40101 SET character_set_client = @saved_cs_client */;

--
-- Dumping data for table `user`
--

LOCK TABLES `user` WRITE;
/*!40000 ALTER TABLE `user` DISABLE KEYS */;
INSERT INTO `user` VALUES (1,'raj','raj@123','raj@gmail.com','admin','hsr','2026-05-27 17:39:38',NULL),(2,'alex','alex@123','alex@gmail.com','customer','marthalli','2026-05-27 18:56:19',NULL),(3,'Rajath O S','password123','rajathos07@gmail.com','Customer','','2026-06-28 06:14:44',NULL);
/*!40000 ALTER TABLE `user` ENABLE KEYS */;
UNLOCK TABLES;
/*!40103 SET TIME_ZONE=@OLD_TIME_ZONE */;

/*!40101 SET SQL_MODE=@OLD_SQL_MODE */;
/*!40014 SET FOREIGN_KEY_CHECKS=@OLD_FOREIGN_KEY_CHECKS */;
/*!40014 SET UNIQUE_CHECKS=@OLD_UNIQUE_CHECKS */;
/*!40101 SET CHARACTER_SET_CLIENT=@OLD_CHARACTER_SET_CLIENT */;
/*!40101 SET CHARACTER_SET_RESULTS=@OLD_CHARACTER_SET_RESULTS */;
/*!40101 SET COLLATION_CONNECTION=@OLD_COLLATION_CONNECTION */;
/*!40111 SET SQL_NOTES=@OLD_SQL_NOTES */;

-- Dump completed on 2026-06-28 19:26:11
